current_time,weather,temp,humidity
2025-07-15 02:53:20,Clouds,298.41,76
2025-07-15 04:28:21,Clouds,299.17,75
2025-07-15 04:46:29,Clouds,297.12,73
2025-07-15 05:14:27,Rain,297.12,73
2025-07-15 05:44:15,Clouds,298.56,67
2025-07-15 05:57:59,Clouds,298.56,67
2025-07-15 06:43:43,Clouds,297.89,72
2025-07-15 07:01:39,Clouds,297.89,72
2025-07-15 07:32:13,Clouds,297.89,72
2025-07-15 07:48:43,Clouds,297.94,67
2025-07-15 08:14:56,Clouds,297.94,67
2025-07-15 08:46:45,Clouds,298.49,62
2025-07-15 09:17:21,Clouds,298.32,72
2025-07-15 09:46:12,Clouds,299.91,69
2025-07-15 09:59:16,Clouds,299.91,69
2025-07-15 10:34:23,Clear,297.91,78
2025-07-15 10:53:40,Clear,297.91,78
2025-07-15 11:19:35,Clouds,297.25,78
2025-07-15 11:37:38,Clouds,296.91,88
2025-07-15 11:50:44,Clouds,296.91,88
2025-07-15 12:31:06,Rain,296.91,94
2025-07-15 13:21:50,Clouds,296.91,94
2025-07-15 13:53:55,Clouds,296.91,94
2025-07-15 14:21:25,Clouds,296.91,94
2025-07-15 14:45:06,Clouds,296.91,94
2025-07-15 14:57:48,Clouds,296.91,94
2025-07-15 15:30:15,Clouds,296.91,100
2025-07-15 15:49:44,Clouds,296.91,100
2025-07-15 16:16:20,Clouds,296.93,88
2025-07-15 16:47:35,Clouds,295.91,100
2025-07-15 17:08:18,Clouds,295.91,100
2025-07-15 17:34:35,Clouds,296.91,100
2025-07-15 17:50:45,Clouds,296.91,100
2025-07-15 18:21:57,Clouds,296.91,100
2025-07-15 18:53:17,Clouds,296.91,100
2025-07-15 19:18:05,Clouds,295.94,94
2025-07-15 19:35:47,Rain,296.91,100
2025-07-15 19:49:20,Clouds,296.91,100
2025-07-15 20:13:20,Clouds,296.93,88
2025-07-15 20:39:56,Rain,296.91,100
2025-07-15 20:55:22,Clouds,296.91,100
2025-07-15 21:25:51,Mist,295.91,100
2025-07-15 21:44:10,Mist,295.91,100
2025-07-15 21:56:46,Mist,295.91,100
2025-07-15 22:29:05,Mist,296.91,100
2025-07-15 22:49:12,Mist,296.91,100
2025-07-15 23:10:10,Mist,296.91,100
2025-07-15 23:32:17,Clouds,295.91,100
2025-07-15 23:49:32,Clouds,295.91,100
2025-07-16 01:00:41,Clouds,295.91,100
2025-07-16 03:02:17,Rain,295.91,100
2025-07-16 04:03:41,Rain,296.91,94
2025-07-16 04:49:24,Rain,296.91,88
2025-07-16 05:18:18,Rain,295.91,100
2025-07-16 05:46:48,Rain,295.91,100
2025-07-16 05:59:21,Rain,295.91,100
2025-07-16 06:45:24,Rain,295.91,100
2025-07-16 07:11:03,Rain,295.72,95
2025-07-16 07:35:58,Rain,294.91,100
2025-07-16 07:51:19,Rain,294.91,100
2025-07-16 08:22:29,Rain,295.91,100
2025-07-16 08:51:50,Rain,295.91,100
2025-07-16 09:23:03,Rain,294.91,100
2025-07-16 09:47:46,Rain,294.91,100
2025-07-16 10:00:37,Rain,294.91,100
2025-07-16 10:36:13,Rain,294.91,100
2025-07-16 10:54:36,Mist,294.91,100
2025-07-16 11:22:03,Rain,294.91,100
2025-07-16 11:39:43,Rain,294.91,100
2025-07-16 11:52:22,Rain,294.91,100
2025-07-16 12:40:18,Clouds,294.91,100
2025-07-16 13:26:26,Rain,295.91,100
2025-07-16 13:56:21,Rain,295.91,100
2025-07-16 14:27:53,Rain,295.91,100
2025-07-16 14:50:17,Thunderstorm,295.91,100
2025-07-16 15:14:53,Mist,295.91,100
2025-07-16 15:40:35,Rain,295.91,100
2025-07-16 15:56:35,Rain,295.91,100
2025-07-16 16:36:46,Rain,295.91,100
2025-07-16 16:58:42,Rain,295.91,100
2025-07-16 17:31:10,Rain,295.91,100
2025-07-16 17:50:39,Rain,295.91,100
2025-07-16 18:21:12,Rain,295.91,100
2025-07-16 18:52:22,Rain,295.91,100
2025-07-16 19:16:20,Rain,296.41,99
2025-07-16 19:32:51,Thunderstorm,295.91,100
2025-07-16 19:46:02,Thunderstorm,295.91,100
2025-07-16 19:58:30,Rain,295.91,100
2025-07-16 20:32:30,Thunderstorm,295.91,100
2025-07-16 20:51:12,Thunderstorm,295.91,100
2025-07-16 21:16:00,Thunderstorm,295.91,100
2025-07-16 21:37:52,Thunderstorm,295.91,100
2025-07-16 21:52:43,Thunderstorm,295.91,100
2025-07-16 22:19:19,Rain,295.91,100
2025-07-16 22:43:35,Rain,295.91,100
2025-07-16 22:57:48,Thunderstorm,295.91,100
2025-07-16 23:28:22,Thunderstorm,294.91,100
2025-07-16 23:46:12,Rain,295.91,100
2025-07-16 23:58:54,Rain,295.91,100
2025-07-17 02:24:59,Mist,296.91,100
2025-07-17 03:45:51,Rain,297.91,94
2025-07-17 04:26:01,Rain,297.91,100
2025-07-17 05:00:09,Rain,297.91,100
2025-07-17 05:36:18,Rain,298.91,94
2025-07-17 05:54:25,Mist,298.91,94
2025-07-17 06:36:31,Mist,297.91,100
2025-07-17 06:59:37,Mist,297.91,100
2025-07-17 07:31:07,Clouds,297.91,100
2025-07-17 07:47:28,Clouds,297.91,100
2025-07-17 08:00:07,Rain,297.91,100
2025-07-17 08:39:08,Rain,296.91,100
2025-07-17 09:00:03,Clouds,296.91,100
2025-07-17 09:35:01,Clouds,296.91,100
2025-07-17 09:52:45,Clouds,296.91,100
2025-07-17 10:22:44,Clouds,296.91,100
2025-07-17 10:48:39,Rain,296.91,100
2025-07-17 11:09:48,Rain,296.91,100
2025-07-17 11:31:12,Clouds,296.91,100
2025-07-17 11:47:01,Rain,296.91,100
2025-07-17 11:59:52,Rain,296.91,100
2025-07-17 13:01:05,Rain,295.91,100
2025-07-17 13:46:34,Rain,295.91,100
2025-07-17 14:00:25,Clouds,295.91,100
2025-07-17 14:32:11,Clouds,295.91,100
2025-07-17 14:52:17,Rain,295.91,100
2025-07-17 15:20:35,Rain,295.91,100
2025-07-17 15:43:57,Clouds,295.91,100
2025-07-17 15:57:08,Clouds,295.91,100
2025-07-17 16:36:47,Clouds,295.91,100
2025-07-17 16:57:25,Clouds,295.91,100
2025-07-17 17:28:21,Clouds,295.91,100
2025-07-17 17:47:59,Clouds,295.91,100
2025-07-17 18:12:43,Clouds,296.4,99
2025-07-17 18:48:30,Clouds,295.91,100
2025-07-17 19:10:12,Clouds,295.89,99
2025-07-17 19:29:49,Clouds,295.91,100
2025-07-17 19:44:56,Clouds,295.91,100
2025-07-17 19:57:36,Clouds,295.91,100
2025-07-17 20:31:57,Mist,295.91,100
2025-07-17 20:50:56,Mist,295.91,100
2025-07-17 21:14:49,Clouds,295.93,100
2025-07-17 21:35:51,Clouds,295.91,100
2025-07-17 21:50:06,Clouds,295.91,100
2025-07-17 22:13:24,Clouds,295.72,100
2025-07-17 22:40:41,Clouds,295.91,100
2025-07-17 22:54:56,Clouds,295.91,100
2025-07-17 23:25:39,Mist,296.91,100
2025-07-17 23:44:21,Rain,295.91,100
2025-07-17 23:57:27,Rain,295.91,100
2025-07-18 02:25:27,Clouds,296.91,100
2025-07-18 03:48:17,Clouds,297.91,94
2025-07-18 04:29:30,Clouds,297.91,100
2025-07-18 05:01:59,Clouds,297.91,100
2025-07-18 05:38:11,Rain,299.91,89
2025-07-18 05:56:10,Clouds,299.91,89
2025-07-18 06:42:14,Clouds,299.91,94
2025-07-18 07:02:36,Clouds,299.91,94
2025-07-18 07:32:07,Clouds,299.91,94
2025-07-18 07:50:53,Clouds,299.91,94
2025-07-18 08:20:56,Clouds,300.91,89
2025-07-18 08:50:15,Clouds,300.91,89
2025-07-18 09:17:56,Clouds,301.91,79
2025-07-18 09:43:20,Clouds,301.91,79
2025-07-18 09:57:33,Clouds,301.91,79
2025-07-18 10:32:56,Clouds,297.91,100
2025-07-18 10:53:51,Clouds,297.91,100
2025-07-18 11:19:43,Clouds,297.91,100
2025-07-18 11:38:35,Clouds,297.91,100
2025-07-18 11:52:52,Clouds,297.91,100
2025-07-18 12:41:55,Clouds,297.91,100
2025-07-18 13:27:18,Clouds,296.91,100
2025-07-18 13:56:05,Clouds,296.91,100
2025-07-18 14:28:13,Clouds,296.91,100
2025-07-18 14:50:55,Clouds,296.91,100
2025-07-18 15:16:07,Clouds,297.1,98
2025-07-18 15:39:59,Clouds,297.91,100
2025-07-18 16:36:55,Thunderstorm,296.91,100
2025-07-18 16:59:17,Thunderstorm,296.91,100
2025-07-18 17:31:57,Thunderstorm,296.91,100
2025-07-18 18:28:56,Thunderstorm,293.91,100
2025-07-18 19:21:19,Rain,293.91,100
2025-07-18 19:37:21,Rain,293.91,100
2025-07-18 19:50:12,Rain,293.91,100
2025-07-18 20:39:39,Rain,294.91,100
2025-07-18 21:42:58,Clouds,294.91,100
2025-07-18 22:27:08,Clouds,294.91,100
2025-07-18 22:47:47,Mist,294.91,100
2025-07-18 23:45:40,Mist,294.91,100
2025-07-18 23:58:45,Rain,294.91,100
2025-07-19 02:20:53,Rain,297.91,94
2025-07-19 03:38:29,Clouds,296.91,100
2025-07-19 04:17:36,Rain,298.94,96
2025-07-19 04:48:25,Mist,297.91,100
2025-07-19 05:12:55,Clouds,299.92,96
2025-07-19 05:40:38,Clouds,298.91,100
2025-07-19 05:54:32,Clouds,298.91,100
2025-07-19 06:34:23,Rain,298.91,100
2025-07-19 06:55:31,Clouds,298.91,100
2025-07-19 07:24:28,Clouds,299.91,100
2025-07-19 07:41:12,Clouds,299.91,100
2025-07-19 07:53:38,Clouds,299.91,100
2025-07-19 08:27:57,Clouds,298.91,100
2025-07-19 08:51:19,Clouds,298.91,100
2025-07-19 09:15:51,Rain,300.06,90
2025-07-19 09:37:03,Rain,298.91,100
2025-07-19 09:50:16,Clouds,298.91,100
2025-07-19 10:13:46,Clouds,299.71,93
2025-07-19 10:41:24,Clouds,297.91,100
2025-07-19 10:55:04,Clouds,297.91,100
2025-07-19 11:21:00,Clouds,299.19,94
2025-07-19 11:37:06,Rain,297.91,100
2025-07-19 11:49:46,Clouds,297.91,100
2025-07-19 12:22:54,Rain,297.91,100
2025-07-19 13:05:45,Rain,297.91,100
2025-07-19 13:39:48,Clouds,297.91,100
2025-07-19 13:55:14,Clouds,297.91,100
2025-07-19 14:23:05,Rain,297.91,100
2025-07-19 14:42:53,Clouds,297.91,100
2025-07-19 14:55:34,Rain,297.91,100
2025-07-19 15:26:37,Rain,297.91,100
2025-07-19 15:44:27,Rain,297.91,100
2025-07-19 15:58:04,Rain,297.91,100
2025-07-19 16:33:53,Rain,297.91,100
2025-07-19 16:54:36,Rain,297.91,100
2025-07-19 17:21:58,Rain,298.91,100
2025-07-19 17:42:37,Rain,298.91,100
2025-07-19 17:55:04,Rain,298.91,100
2025-07-19 18:34:12,Rain,298.91,100
2025-07-19 18:54:28,Rain,298.91,100
2025-07-19 19:18:33,Rain,297.91,100
2025-07-19 19:32:26,Rain,297.91,100
2025-07-19 19:45:17,Rain,297.91,100
2025-07-19 19:58:03,Rain,297.91,100
2025-07-19 20:30:01,Rain,298.91,100
2025-07-19 20:48:20,Mist,298.91,100
2025-07-19 21:07:58,Mist,298.91,100
2025-07-19 21:30:45,Clouds,297.91,100
2025-07-19 21:45:15,Clouds,297.91,100
2025-07-19 21:58:05,Clouds,297.91,100
2025-07-19 22:29:00,Clouds,297.91,100
2025-07-19 22:48:15,Clouds,297.91,100
2025-07-19 23:08:30,Rain,298.65,95
2025-07-19 23:34:31,Clouds,298.91,100
2025-07-19 23:51:37,Clouds,298.91,100
2025-07-20 01:28:39,Clouds,300.91,94
2025-07-20 03:27:10,Clouds,302.91,79
2025-07-20 04:29:20,Clouds,303.91,74
2025-07-20 05:02:24,Clouds,303.91,74
2025-07-20 05:37:24,Clouds,303.91,66
2025-07-20 05:54:04,Clouds,303.91,66
2025-07-20 06:32:39,Clouds,303.91,70
2025-07-20 06:54:57,Clouds,303.91,70
2025-07-20 07:23:13,Clouds,304.91,66
2025-07-20 07:40:02,Clouds,304.91,66
2025-07-20 07:53:47,Clouds,304.91,66
2025-07-20 08:27:14,Clouds,302.91,74
2025-07-20 08:50:47,Clouds,302.91,74
2025-07-20 09:14:36,Clouds,303.47,68
2025-07-20 09:36:20,Clouds,303.91,66
2025-07-20 09:50:07,Clouds,303.91,66
2025-07-20 10:13:28,Clouds,302.32,72
2025-07-20 10:42:27,Clouds,302.91,74
2025-07-20 10:56:13,Clouds,302.91,74
2025-07-20 11:22:52,Clouds,300.91,89
2025-07-20 11:38:38,Clouds,300.91,89
2025-07-20 11:51:25,Clouds,300.91,89
2025-07-20 12:31:58,Clouds,299.91,100
2025-07-20 13:16:35,Clouds,299.81,90
2025-07-20 13:45:09,Clouds,299.91,100
2025-07-20 13:57:44,Clouds,299.91,100
2025-07-20 14:26:57,Clouds,298.91,100
2025-07-20 14:45:52,Clouds,298.91,100
2025-07-20 14:58:36,Clouds,298.91,100
2025-07-20 15:28:40,Clouds,298.91,100
2025-07-20 15:45:30,Clouds,298.91,100
2025-07-20 15:58:08,Clouds,298.91,100
2025-07-20 16:33:47,Clouds,297.91,100
2025-07-20 16:53:55,Clouds,297.91,100
2025-07-20 17:39:46,Clouds,297.91,100
2025-07-20 17:53:02,Clouds,297.91,100
2025-07-20 18:28:01,Clear,296.91,100
2025-07-20 19:14:07,Clear,298.54,96
2025-07-20 19:29:32,Clear,296.91,100
2025-07-20 19:42:52,Clear,296.91,100
2025-07-20 19:55:28,Clear,296.91,100
2025-07-20 20:28:48,Clouds,297.91,100
2025-07-20 20:47:04,Clouds,297.91,100
2025-07-20 20:59:55,Clouds,297.91,100
2025-07-20 21:27:04,Clouds,297.91,100
2025-07-20 21:44:09,Clouds,297.91,100
2025-07-20 21:56:22,Clouds,297.91,100
2025-07-20 22:27:20,Clouds,298.91,100
2025-07-20 22:47:18,Clouds,298.91,100
2025-07-20 22:59:59,Clouds,298.91,100
2025-07-20 23:28:58,Clouds,299.91,100
2025-07-20 23:46:58,Clouds,299.91,100
2025-07-20 23:59:44,Clouds,299.91,100
2025-07-21 02:32:36,Clouds,303.91,74
2025-07-21 03:56:02,Clouds,302.91,79
2025-07-21 04:50:04,Clouds,302.91,79
2025-07-21 05:21:52,Clouds,304.91,70
2025-07-21 05:49:54,Clouds,304.91,70
2025-07-21 06:21:00,Clouds,304.91,70
2025-07-21 06:54:13,Clouds,304.91,70
2025-07-21 07:31:02,Clouds,303.91,70
2025-07-21 07:51:47,Clouds,303.91,70
2025-07-21 08:27:40,Clouds,303.91,79
2025-07-21 08:58:13,Clouds,303.91,79
2025-07-21 09:37:16,Clouds,302.91,84
2025-07-21 09:55:17,Clouds,302.91,84
2025-07-21 10:30:47,Clouds,301.91,94
2025-07-21 10:53:33,Clouds,301.91,94
2025-07-21 11:20:06,Clouds,300.91,100
2025-07-21 11:39:01,Clouds,300.91,100
2025-07-21 11:53:20,Clouds,300.91,100
2025-07-21 12:46:55,Clouds,300.91,100
2025-07-21 13:30:35,Clouds,299.91,100
2025-07-21 13:58:11,Clouds,299.91,100
2025-07-21 14:32:44,Clouds,299.91,100
2025-07-21 14:54:31,Clouds,299.91,100
2025-07-21 15:27:15,Clouds,299.91,100
2025-07-21 15:48:46,Clouds,299.91,100
2025-07-21 16:12:39,Clouds,298.56,93
2025-07-21 16:47:09,Clouds,299.91,100
2025-07-21 17:11:00,Clouds,298.03,95
2025-07-21 17:40:29,Clouds,299.91,100
2025-07-21 17:55:08,Clouds,299.91,100
2025-07-21 18:38:37,Clouds,299.91,100
2025-07-21 18:59:34,Clouds,299.91,100
2025-07-21 19:26:41,Clouds,297.88,94
2025-07-21 19:43:17,Clouds,298.06,91
2025-07-21 19:55:41,Clouds,298.15,90
2025-07-21 20:30:42,Clouds,297.91,87
2025-07-21 20:50:07,Clouds,297.89,87
2025-07-21 21:13:06,Clouds,298.08,96
2025-07-21 21:35:09,Clouds,299.91,100
2025-07-21 21:50:06,Clouds,299.91,100
2025-07-21 22:13:54,Clouds,298.3,97
2025-07-21 22:41:04,Clouds,299.91,100
2025-07-21 22:55:13,Clouds,299.91,100
2025-07-21 23:26:00,Clouds,301.91,94
2025-07-21 23:44:42,Clouds,301.91,94
2025-07-21 23:57:15,Clouds,301.91,94
2025-07-22 02:25:01,Clouds,303.91,70
2025-07-22 03:47:58,Clouds,303.91,66
2025-07-22 04:28:32,Clouds,304.91,62
2025-07-22 05:01:04,Clouds,304.91,62
2025-07-22 05:37:15,Clouds,304.91,62
2025-07-22 05:54:57,Clouds,304.91,62
2025-07-22 06:38:49,Clouds,303.91,79
2025-07-22 07:00:38,Clouds,303.91,79
2025-07-22 07:32:07,Clouds,303.91,79
2025-07-22 07:49:15,Clouds,303.91,79
2025-07-22 08:17:23,Clouds,304.95,65
2025-07-22 08:48:04,Clouds,303.91,74
2025-07-22 09:14:20,Clouds,303.88,67
2025-07-22 09:43:13,Clouds,302.91,74
2025-07-22 09:57:19,Clouds,302.91,74
2025-07-22 10:33:26,Clouds,301.91,89
2025-07-22 10:54:07,Clouds,301.91,89
2025-07-22 11:20:21,Clouds,299.91,100
2025-07-22 11:38:09,Clouds,299.91,100
2025-07-22 11:51:28,Clouds,299.91,100
2025-07-22 12:36:06,Clouds,299.91,100
2025-07-22 13:25:04,Clear,298.91,100
2025-07-22 13:56:07,Clear,298.91,100
2025-07-22 14:28:11,Clear,298.91,100
2025-07-22 14:50:54,Clear,298.91,100
2025-07-22 15:16:51,Clear,298.91,100
2025-07-22 15:41:52,Clear,298.91,100
2025-07-22 15:57:44,Clear,298.91,100
2025-07-22 16:38:17,Clouds,299.29,90
2025-07-22 16:59:36,Clouds,299.82,80
2025-07-22 17:31:54,Clear,297.91,100
2025-07-22 17:50:44,Clear,297.91,100
2025-07-22 18:21:50,Clouds,297.91,100
2025-07-22 18:53:41,Clouds,297.91,100
2025-07-22 19:19:07,Clouds,297.91,100
2025-07-22 19:35:12,Clouds,297.91,100
2025-07-22 19:47:56,Clouds,297.91,100
2025-07-22 20:00:10,Clouds,297.91,100
2025-07-22 20:33:07,Clouds,296.91,100
2025-07-22 20:51:44,Clouds,296.91,100
2025-07-22 21:16:41,Clouds,296.91,100
2025-07-22 21:38:11,Clouds,296.91,100
2025-07-22 21:51:43,Clouds,296.91,100
2025-07-22 22:16:54,Clouds,299.01,95
2025-07-22 22:41:21,Clear,298.91,100
2025-07-22 22:55:32,Clear,298.91,100
2025-07-22 23:26:38,Clouds,300.91,83
2025-07-22 23:45:28,Clouds,300.91,83
2025-07-22 23:57:59,Clouds,300.91,83
2025-07-23 02:26:39,Clouds,304.91,62
2025-07-23 03:49:56,Clouds,304.91,62
2025-07-23 04:34:30,Clouds,305.91,58
2025-07-23 05:04:36,Clouds,305.91,58
2025-07-23 05:43:53,Clouds,306.91,55
2025-07-23 05:59:02,Clouds,306.91,55
2025-07-23 06:46:39,Clear,305.91,58
2025-07-23 07:13:43,Clear,306.39,55
2025-07-23 07:40:09,Clouds,305.91,58
2025-07-23 07:54:38,Clouds,305.91,58
2025-07-23 08:35:04,Clouds,304.91,58
2025-07-23 08:59:38,Clouds,304.91,58
2025-07-23 09:36:46,Clear,303.91,62
2025-07-23 09:55:23,Clear,303.91,62
2025-07-23 10:30:41,Clear,302.91,70
2025-07-23 10:52:44,Clear,302.91,70
2025-07-23 11:18:02,Clear,300.91,83
2025-07-23 11:37:33,Clear,300.91,83
2025-07-23 11:51:18,Clear,300.91,83
2025-07-23 12:35:28,Clear,299.91,89
2025-07-23 13:25:16,Clear,298.91,94
2025-07-23 13:54:45,Clear,298.91,94
2025-07-23 14:27:13,Clear,298.91,100
2025-07-23 14:51:52,Clear,298.91,100
2025-07-23 15:20:34,Clear,298.91,100
2025-07-23 15:44:53,Clear,298.91,100
2025-07-23 15:59:31,Clear,298.91,100
2025-07-23 16:39:11,Clear,297.91,100
2025-07-23 17:01:21,Clear,297.91,100
2025-07-23 17:33:30,Clear,297.91,100
2025-07-23 17:51:46,Clear,297.91,100
2025-07-23 18:26:19,Clear,297.91,100
2025-07-23 18:55:26,Clear,297.91,100
2025-07-23 19:23:21,Clear,297.91,100
2025-07-23 19:40:29,Clear,297.91,100
2025-07-23 19:53:08,Clear,297.91,100
2025-07-23 20:23:58,Clear,296.91,100
2025-07-23 20:46:35,Clear,296.91,100
2025-07-23 20:59:00,Clear,296.91,100
2025-07-23 21:29:41,Clear,297.91,100
2025-07-23 21:47:09,Clear,297.91,100
2025-07-23 21:59:43,Clear,297.91,100
2025-07-23 22:31:39,Clear,297.91,100
2025-07-23 22:50:42,Clear,297.91,100
2025-07-23 23:15:37,Clear,301.91,84
2025-07-23 23:37:45,Clear,301.91,84
2025-07-23 23:52:11,Clear,301.91,84
2025-07-24 01:39:43,Clear,302.91,74
2025-07-24 03:20:54,Clear,305.91,58
2025-07-24 04:11:54,Clouds,305.66,55
2025-07-24 04:54:03,Clear,306.91,59
2025-07-24 05:28:25,Clear,306.91,55
2025-07-24 05:51:50,Clear,306.91,55
2025-07-24 06:27:59,Clear,305.91,62
2025-07-24 06:57:41,Clear,305.91,62
2025-07-24 07:30:47,Clear,305.91,62
2025-07-24 07:48:36,Clear,305.91,62
2025-07-24 08:14:55,Clouds,306.93,52
2025-07-24 08:47:11,Clear,305.91,62
2025-07-24 09:13:20,Clear,305.48,57
2025-07-24 09:42:14,Clear,304.91,66
2025-07-24 09:56:57,Clear,304.91,66
2025-07-24 10:32:45,Clear,302.91,74
2025-07-24 10:53:40,Clear,302.91,74
2025-07-24 11:20:02,Clear,300.91,89
2025-07-24 11:38:07,Clear,300.91,89
2025-07-24 11:51:05,Clear,300.91,89
2025-07-24 12:34:38,Clear,299.91,94
2025-07-24 13:24:20,Clear,299.91,94
2025-07-24 13:55:59,Clear,299.91,94
2025-07-24 14:29:59,Clear,298.91,100
2025-07-24 14:52:54,Clear,298.91,100
2025-07-24 15:20:11,Clear,298.91,100
2025-07-24 15:41:36,Clear,298.91,100
2025-07-24 15:56:36,Clear,298.91,100
2025-07-24 16:34:43,Clear,297.91,100
2025-07-24 16:57:22,Clear,297.91,100
2025-07-24 17:29:11,Clear,297.91,100
2025-07-24 17:48:45,Clear,297.91,100
2025-07-24 18:15:12,Clear,298.19,86
2025-07-24 18:48:56,Clear,297.91,100
2025-07-24 19:11:12,Clear,297.93,93
2025-07-24 19:31:04,Clear,296.91,100
2025-07-24 19:45:36,Clear,296.91,100
2025-07-24 19:58:17,Clear,296.91,100
2025-07-24 20:31:03,Clear,296.91,100
2025-07-24 20:50:12,Clear,296.91,100
2025-07-24 21:13:50,Clear,296.91,100
2025-07-24 21:35:53,Clear,296.91,100
2025-07-24 21:48:55,Clear,296.91,100
2025-07-24 22:11:10,Clear,298.49,92
2025-07-24 22:40:25,Clear,298.91,100
2025-07-24 22:55:44,Clear,298.91,100
2025-07-24 23:27:23,Clear,301.91,84
2025-07-24 23:45:34,Clear,301.91,84
2025-07-24 23:58:18,Clear,301.91,84
2025-07-25 02:25:37,Clouds,306.91,62
2025-07-25 03:48:24,Clouds,306.91,55
2025-07-25 04:29:44,Clouds,307.91,52
2025-07-25 05:02:38,Clouds,307.91,52
2025-07-25 05:40:19,Clouds,307.91,52
2025-07-25 05:57:44,Clouds,307.91,52
2025-07-25 06:45:05,Clouds,307.91,49
2025-07-25 07:12:04,Clouds,307.91,52
2025-07-25 07:37:42,Clouds,307.91,52
2025-07-25 07:52:01,Clouds,307.91,52
2025-07-25 08:24:33,Clouds,306.91,55
2025-07-25 08:52:32,Clouds,306.91,55
2025-07-25 09:23:28,Clear,305.91,58
2025-07-25 09:48:24,Clear,305.91,58
2025-07-25 10:10:35,Clear,304.91,66
2025-07-25 10:43:31,Clear,304.91,66
2025-07-25 10:57:59,Clear,304.91,66
2025-07-25 11:26:04,Clear,302.91,79
2025-07-25 11:44:26,Clear,302.91,79
2025-07-25 11:57:00,Clear,302.91,79
2025-07-25 12:59:18,Clear,301.91,89
2025-07-25 13:44:37,Clear,301.91,94
2025-07-25 13:59:47,Clear,301.91,94
2025-07-25 14:31:28,Clear,300.91,100
2025-07-25 14:51:22,Clear,300.91,100
2025-07-25 15:18:02,Clouds,300.52,85
2025-07-25 15:41:17,Clear,299.91,100
2025-07-25 15:56:27,Clear,299.91,100
2025-07-25 16:35:47,Clear,299.91,100
2025-07-25 16:57:22,Clear,299.91,100
2025-07-25 17:29:07,Clear,299.91,100
2025-07-25 17:48:54,Clear,299.91,100
2025-07-25 18:15:25,Clouds,299.59,79
2025-07-25 18:49:10,Clear,299.91,100
2025-07-25 19:11:05,Clear,299.91,100
2025-07-25 19:30:36,Clear,298.91,100
2025-07-25 19:45:14,Clear,298.91,100
2025-07-25 19:57:55,Clear,298.91,100
2025-07-25 20:31:49,Clear,298.91,94
2025-07-25 20:50:50,Clear,298.91,94
2025-07-25 21:14:30,Clouds,298.42,90
2025-07-25 21:35:51,Clear,298.91,100
2025-07-25 21:50:09,Clear,298.91,100
2025-07-25 22:13:20,Clouds,299.47,90
2025-07-25 22:40:50,Clear,301.91,89
2025-07-25 22:55:46,Clear,301.91,89
2025-07-25 23:26:53,Clear,303.91,74
2025-07-25 23:45:34,Clear,303.91,74
2025-07-25 23:58:09,Clear,303.91,74
2025-07-26 02:21:33,Clear,307.91,55
2025-07-26 03:43:55,Clear,306.91,55
2025-07-26 04:23:21,Clear,307.91,55
2025-07-26 04:57:15,Clear,307.91,55
2025-07-26 05:31:06,Clear,308.91,52
2025-07-26 05:50:41,Clear,308.91,52
2025-07-26 06:20:50,Clear,309.91,47
2025-07-26 06:51:02,Clear,309.91,47
2025-07-26 07:15:09,Clouds,308.38,47
2025-07-26 07:35:26,Clear,309.91,47
2025-07-26 07:48:31,Clear,309.91,47
2025-07-26 08:12:12,Clouds,308.19,47
2025-07-26 08:42:20,Clear,308.91,56
2025-07-26 08:58:08,Clear,308.91,56
2025-07-26 09:28:55,Clear,306.91,62
2025-07-26 09:46:04,Clear,306.91,62
2025-07-26 09:58:39,Clear,306.91,62
2025-07-26 10:31:28,Clear,305.91,70
2025-07-26 10:50:18,Clear,305.91,70
2025-07-26 11:11:48,Clouds,304.19,66
2025-07-26 11:30:56,Clear,303.91,79
2025-07-26 11:45:00,Clear,303.91,79
2025-07-26 11:57:41,Clear,303.91,79
2025-07-26 12:55:17,Clear,302.91,84
2025-07-26 13:36:26,Clear,301.91,94
2025-07-26 13:53:02,Clear,301.91,94
2025-07-26 14:19:01,Clear,300.87,83
2025-07-26 14:41:20,Clear,301.91,94
2025-07-26 14:54:41,Clear,301.91,94
2025-07-26 15:24:36,Clear,301.91,94
2025-07-26 15:45:01,Clear,301.91,94
2025-07-26 15:58:25,Clear,301.91,94
2025-07-26 16:34:24,Clear,300.91,100
2025-07-26 16:54:36,Clear,300.91,100
2025-07-26 17:22:55,Clear,299.91,100
2025-07-26 17:43:24,Clear,299.91,100
2025-07-26 17:56:00,Clear,299.91,100
2025-07-26 18:37:51,Clear,299.91,100
2025-07-26 18:57:43,Clear,299.91,100
2025-07-26 19:22:08,Clear,298.91,100
2025-07-26 19:36:55,Clear,298.91,100
2025-07-26 19:49:45,Clear,298.91,100
2025-07-26 20:13:03,Clear,299.07,91
2025-07-26 20:37:08,Clear,298.91,100
2025-07-26 20:52:04,Clear,298.91,100
2025-07-26 21:16:18,Clear,298.98,93
2025-07-26 21:35:21,Clear,298.91,100
2025-07-26 21:50:04,Clear,298.91,100
2025-07-26 22:12:34,Clear,300.24,91
2025-07-26 22:39:14,Clear,302.91,74
2025-07-26 22:53:18,Clear,302.91,74
2025-07-26 23:20:36,Clear,304.91,66
2025-07-26 23:39:07,Clear,304.91,66
2025-07-26 23:52:15,Clear,304.91,66
2025-07-27 01:48:03,Clear,306.91,55
2025-07-27 03:30:13,Clear,308.91,49
2025-07-27 04:31:12,Clouds,308.91,46
2025-07-27 05:03:24,Clouds,308.91,46
2025-07-27 05:39:05,Clouds,309.91,44
2025-07-27 05:55:24,Clouds,309.91,44
2025-07-27 06:38:27,Clear,308.91,56
2025-07-27 06:58:09,Clear,308.91,56
2025-07-27 07:27:21,Clouds,308.91,63
2025-07-27 07:43:22,Clouds,308.91,63
2025-07-27 07:55:49,Clouds,308.91,63
2025-07-27 08:33:41,Clouds,307.91,63
2025-07-27 08:53:46,Clouds,307.91,63
2025-07-27 09:22:54,Clouds,306.91,70
2025-07-27 09:42:37,Clouds,306.91,70
2025-07-27 09:55:31,Clouds,306.91,70
2025-07-27 10:27:46,Clouds,304.91,79
2025-07-27 10:48:40,Clouds,304.91,79
2025-07-27 11:08:13,Clear,303.81,67
2025-07-27 11:28:30,Clear,302.91,89
2025-07-27 11:43:39,Clear,302.91,89
2025-07-27 11:56:25,Clear,302.91,89
2025-07-27 12:55:48,Clear,301.91,94
2025-07-27 13:36:02,Clear,300.91,94
2025-07-27 13:52:39,Clear,300.91,94
2025-07-27 14:17:13,Clear,301.37,83
2025-07-27 14:39:33,Clear,300.91,94
2025-07-27 14:52:42,Clear,300.91,94
2025-07-27 15:19:26,Clear,300.91,100
2025-07-27 15:39:21,Clear,300.91,100
2025-07-27 15:52:22,Clear,300.91,100
2025-07-27 16:22:30,Clear,300.91,100
2025-07-27 16:47:59,Clear,300.91,100
2025-07-27 17:07:09,Clear,300.91,100
2025-07-27 17:34:10,Clear,299.91,100
2025-07-27 17:50:22,Clear,299.91,100
2025-07-27 18:18:44,Clear,299.91,100
2025-07-27 18:48:11,Clear,299.91,100
2025-07-27 19:07:55,Clear,299.91,100
2025-07-27 19:28:33,Clear,299.91,100
2025-07-27 19:44:10,Clear,299.91,100
2025-07-27 19:56:38,Clear,299.91,100
2025-07-27 20:30:26,Clear,299.91,100
2025-07-27 20:49:02,Clear,299.91,100
2025-07-27 21:09:48,Clear,299.91,100
2025-07-27 21:31:56,Clouds,298.91,100
2025-07-27 21:46:29,Clouds,298.91,100
2025-07-27 21:59:04,Clouds,298.91,100
2025-07-27 22:30:26,Clear,301.91,94
2025-07-27 22:50:15,Clear,301.91,94
2025-07-27 23:13:51,Clear,302.19,84
2025-07-27 23:36:58,Clear,303.91,84
2025-07-27 23:51:52,Clear,303.91,84
2025-07-28 01:42:19,Clouds,306.91,66
2025-07-28 03:27:45,Clouds,306.91,62
2025-07-28 04:32:17,Clouds,307.91,55
2025-07-28 05:05:38,Clouds,307.91,55
2025-07-28 05:44:53,Clouds,307.91,59
2025-07-28 06:00:27,Clouds,307.91,59
2025-07-28 06:49:28,Clouds,307.91,66
2025-07-28 07:18:51,Clear,308.21,54
2025-07-28 07:43:31,Clouds,307.91,66
2025-07-28 07:56:44,Clouds,307.91,66
2025-07-28 08:40:18,Clouds,306.91,70
2025-07-28 09:02:02,Clouds,306.91,70
2025-07-28 09:38:45,Clouds,304.91,79
2025-07-28 09:56:18,Clouds,304.91,79
2025-07-28 10:33:06,Clouds,303.91,74
2025-07-28 10:54:23,Clouds,303.91,74
2025-07-28 11:21:56,Clear,301.91,84
2025-07-28 11:40:28,Clear,301.91,84
2025-07-28 11:53:15,Clear,301.91,84
2025-07-28 12:47:57,Clear,300.91,83
2025-07-28 13:31:37,Clear,299.91,94
2025-07-28 13:59:51,Clear,299.91,94
2025-07-28 14:34:43,Clear,300.91,89
2025-07-28 14:55:46,Clear,300.91,89
2025-07-28 15:31:33,Clear,299.91,94
2025-07-28 15:51:43,Clear,299.91,94
2025-07-28 16:23:32,Clear,298.91,100
2025-07-28 16:54:50,Clear,298.91,100
2025-07-28 17:25:52,Clear,298.91,100
2025-07-28 17:47:44,Clear,298.91,100
2025-07-28 18:00:13,Clear,298.91,100
2025-07-28 18:46:26,Clear,298.91,100
2025-07-28 19:10:00,Clear,299.21,86
2025-07-28 19:31:17,Clear,298.91,100
2025-07-28 19:45:44,Clear,298.91,100
2025-07-28 19:58:24,Clear,298.91,100
2025-07-28 20:33:32,Clear,297.91,100
2025-07-28 20:53:13,Clear,297.91,100
2025-07-28 21:19:29,Clear,298.91,100
2025-07-28 21:38:56,Clear,298.91,100
2025-07-28 21:52:19,Clear,298.91,100
2025-07-28 22:19:14,Clear,300.91,100
2025-07-28 22:45:34,Clear,300.91,100
2025-07-28 22:59:22,Clear,300.91,100
2025-07-28 23:31:13,Clear,302.91,84
2025-07-28 23:51:01,Clear,302.91,84
2025-07-29 01:28:02,Clear,305.91,66
2025-07-29 03:30:07,Clouds,307.91,55
2025-07-29 04:33:52,Clouds,307.91,63
2025-07-29 05:06:50,Clouds,307.91,63
2025-07-29 05:45:46,Clouds,308.91,56
2025-07-29 06:00:38,Clouds,308.91,56
2025-07-29 06:47:53,Clouds,308.91,56
2025-07-29 07:14:12,Clear,308.62,47
2025-07-29 07:41:11,Clouds,308.91,56
2025-07-29 07:55:38,Clouds,308.91,56
2025-07-29 08:37:40,Clouds,307.91,59
2025-07-29 09:00:46,Clouds,307.91,59
2025-07-29 09:36:53,Clouds,306.91,59
2025-07-29 09:55:42,Clouds,306.91,59
2025-07-29 10:30:54,Clear,304.91,66
2025-07-29 10:53:13,Clear,304.91,66
2025-07-29 11:19:04,Clear,302.91,79
2025-07-29 11:38:17,Clear,302.91,79
2025-07-29 11:51:26,Clear,302.91,79
2025-07-29 12:37:32,Clear,301.91,89
2025-07-29 13:28:22,Clear,301.91,89
2025-07-29 13:59:52,Clear,301.91,89
2025-07-29 14:36:34,Clear,300.91,100
2025-07-29 14:58:31,Clear,300.91,100
2025-07-29 15:34:52,Clear,300.91,100
2025-07-29 15:54:19,Clear,300.91,100
2025-07-29 16:31:17,Clear,299.91,100
2025-07-29 16:57:35,Clear,299.91,100
2025-07-29 17:31:06,Clear,299.91,100
2025-07-29 17:51:48,Clear,299.91,100
2025-07-29 18:27:36,Clear,298.91,100
2025-07-29 18:58:22,Clear,298.91,100
2025-07-29 19:27:14,Clouds,299.91,100
2025-07-29 19:44:10,Clouds,299.91,100
2025-07-29 19:56:44,Clouds,299.91,100
2025-07-29 20:32:52,Clouds,298.91,100
2025-07-29 20:52:15,Clouds,298.91,100
2025-07-29 21:18:13,Clear,299.91,100
2025-07-29 21:39:23,Clear,299.91,100
2025-07-29 21:52:57,Clear,299.91,100
2025-07-29 22:20:51,Clouds,299.91,100
2025-07-29 22:44:53,Clouds,299.91,100
2025-07-29 22:58:16,Clouds,299.91,100
2025-07-29 23:28:58,Clear,302.91,84
2025-07-29 23:47:24,Clear,302.91,84
2025-07-30 00:00:09,Clear,302.91,84
2025-07-30 02:30:25,Clear,305.91,66
2025-07-30 03:54:03,Clear,305.91,62
2025-07-30 04:48:10,Clouds,305.91,66
2025-07-30 05:20:24,Clouds,307.91,59
2025-07-30 05:51:36,Clouds,307.91,59
2025-07-30 06:28:32,Clouds,307.91,59
2025-07-30 07:00:20,Clouds,307.91,59
2025-07-30 07:34:26,Clouds,305.91,70
2025-07-30 07:52:29,Clouds,305.91,70
2025-07-30 08:27:56,Clouds,305.91,70
2025-07-30 08:57:19,Clouds,305.91,70
2025-07-30 09:36:55,Clear,304.91,70
2025-07-30 09:56:26,Clear,304.91,70
2025-07-30 10:32:40,Clear,303.91,84
2025-07-30 10:53:57,Clear,303.91,84
2025-07-30 11:20:52,Clouds,304.02,69
2025-07-30 11:39:10,Clear,302.91,84
2025-07-30 11:52:47,Clear,302.91,84
2025-07-30 12:43:41,Clear,301.91,94
2025-07-30 13:30:57,Clear,301.91,100
2025-07-30 13:59:36,Clear,301.91,100
2025-07-30 14:33:22,Clear,301.91,100
2025-07-30 14:54:19,Clear,301.91,100
2025-07-30 15:27:04,Clear,300.91,100
2025-07-30 15:49:10,Clear,300.91,100
2025-07-30 16:14:47,Clouds,300.92,81
2025-07-30 16:46:29,Clear,300.91,100
2025-07-30 17:10:17,Clear,300.91,100
2025-07-30 17:39:40,Clear,300.91,100
2025-07-30 17:55:18,Clear,300.91,100
2025-07-30 18:39:41,Clear,300.91,100
2025-07-30 19:01:01,Clear,300.91,100
2025-07-30 19:27:27,Clear,301.91,74
2025-07-30 19:43:39,Clear,301.91,74
2025-07-30 19:56:07,Clear,301.91,74
2025-07-30 20:30:17,Clear,301.91,74
2025-07-30 20:49:30,Clear,301.91,74
2025-07-30 21:12:04,Clouds,300.34,77
2025-07-30 21:35:43,Clear,301.91,74
2025-07-30 21:50:41,Clear,301.91,74
2025-07-30 22:15:09,Clouds,300.42,80
2025-07-30 22:42:10,Clear,301.91,79
2025-07-30 22:56:12,Clear,301.91,79
2025-07-30 23:28:11,Clear,301.91,84
2025-07-30 23:47:23,Clear,301.91,84
2025-07-30 23:59:52,Clear,301.91,84
2025-07-31 02:29:20,Clear,305.91,55
2025-07-31 03:53:11,Clear,305.91,58
2025-07-31 04:42:27,Clouds,307.91,52
2025-07-31 05:15:30,Clouds,305.14,53
2025-07-31 05:47:16,Clear,305.91,58
2025-07-31 06:00:12,Clear,305.91,58
2025-07-31 06:47:46,Clear,304.91,62
2025-07-31 07:13:58,Clouds,305.39,51
2025-07-31 07:40:07,Clear,303.91,66
2025-07-31 07:54:37,Clear,303.91,66
2025-07-31 08:35:25,Clear,303.91,66
2025-07-31 08:59:28,Clear,303.91,66
2025-07-31 09:36:31,Clear,302.91,74
2025-07-31 09:55:05,Clear,302.91,74
2025-07-31 10:29:48,Clear,301.91,84
2025-07-31 10:53:02,Clear,301.91,84
2025-07-31 11:18:56,Clear,300.91,94
2025-07-31 11:38:29,Clear,300.91,94
2025-07-31 11:52:10,Clear,300.91,94
2025-07-31 12:38:50,Clear,300.91,100
2025-07-31 13:27:12,Clear,299.91,100
2025-07-31 13:58:09,Clear,299.91,100
2025-07-31 14:32:38,Clear,299.91,100
2025-07-31 14:54:55,Clear,299.91,100
2025-07-31 15:28:40,Clear,299.91,100
2025-07-31 15:49:41,Clear,299.91,100
2025-07-31 16:16:39,Clouds,299.71,84
2025-07-31 16:48:12,Clear,299.91,100
2025-07-31 17:12:01,Clouds,299.61,83
2025-07-31 17:40:31,Clear,299.91,100
2025-07-31 17:55:09,Clear,299.91,100
2025-07-31 18:39:04,Clear,299.91,100
2025-07-31 19:00:43,Clear,299.91,100
2025-07-31 19:26:46,Clear,299.91,100
2025-07-31 19:43:36,Clear,299.91,100
2025-07-31 19:55:58,Clear,299.91,100
2025-07-31 20:32:14,Clear,298.91,100
2025-07-31 20:51:49,Clear,298.91,100
2025-07-31 21:17:17,Clouds,299.59,85
2025-07-31 21:38:33,Clear,298.91,100
2025-07-31 21:52:54,Clear,298.91,100
2025-07-31 22:19:58,Clear,300.91,100
2025-07-31 22:44:04,Clear,300.91,100
2025-07-31 22:56:53,Clear,300.91,100
2025-07-31 23:28:17,Clear,302.91,79
2025-07-31 23:46:24,Clear,302.91,79
2025-07-31 23:58:46,Clear,302.91,79
2025-08-01 02:40:20,Clear,307.91,55
2025-08-01 04:07:48,Clear,306.91,55
2025-08-01 05:02:20,Clear,306.91,59
2025-08-01 05:45:25,Clear,306.91,59
2025-08-01 06:01:21,Clear,306.91,59
2025-08-01 06:49:43,Clouds,304.91,74
2025-08-01 07:19:26,Clear,306.91,55
2025-08-01 07:44:19,Clear,306.91,55
2025-08-01 07:57:42,Clear,306.91,55
2025-08-01 08:39:41,Clear,304.91,70
2025-08-01 09:01:21,Clear,304.91,70
2025-08-01 09:37:19,Clouds,303.91,70
2025-08-01 09:56:08,Clouds,303.91,70
2025-08-01 10:32:26,Rain,302.91,89
2025-08-01 10:54:27,Clear,302.91,89
2025-08-01 11:21:51,Clear,301.91,100
2025-08-01 11:40:04,Clear,301.91,100
2025-08-01 11:53:09,Clear,301.91,100
2025-08-01 12:45:32,Clear,300.91,100
2025-08-01 13:29:18,Clear,300.91,100
2025-08-01 13:57:47,Clear,300.91,100
2025-08-01 14:32:10,Clear,300.91,100
2025-08-01 14:53:38,Clear,300.91,100
2025-08-01 15:25:10,Clear,299.91,100
2025-08-01 15:47:22,Clear,299.91,100
2025-08-01 16:00:02,Clear,299.91,100
2025-08-01 16:39:48,Clear,300.91,100
2025-08-01 17:01:19,Clear,300.91,100
2025-08-01 17:34:09,Clear,299.91,100
2025-08-01 17:52:16,Clear,299.91,100
2025-08-01 18:28:26,Clear,299.91,100
2025-08-01 18:56:20,Clear,299.91,100
2025-08-01 19:23:41,Clouds,298.91,100
2025-08-01 19:40:27,Clouds,298.91,100
2025-08-01 19:53:04,Clouds,298.91,100
2025-08-01 20:23:23,Mist,298.91,100
2025-08-01 20:45:48,Mist,298.91,100
2025-08-01 20:58:38,Mist,298.91,100
2025-08-01 21:28:47,Mist,298.91,100
2025-08-01 21:46:55,Mist,298.91,100
2025-08-01 21:59:18,Mist,298.91,100
2025-08-01 22:31:38,Mist,300.91,94
2025-08-01 22:51:15,Mist,300.91,94
2025-08-01 23:16:21,Clouds,301.14,85
2025-08-01 23:37:46,Mist,302.91,79
2025-08-01 23:52:04,Mist,302.91,79
2025-08-02 01:27:18,Mist,305.91,58
2025-08-02 03:15:26,Clouds,305.31,64
2025-08-02 04:06:47,Clouds,306.91,59
2025-08-02 04:49:08,Clouds,306.91,52
2025-08-02 05:16:05,Clouds,306.22,53
2025-08-02 05:45:24,Clouds,307.91,49
2025-08-02 05:59:14,Clouds,307.91,49
2025-08-02 06:41:09,Clouds,307.91,49
2025-08-02 06:59:19,Clouds,307.91,49
2025-08-02 07:27:44,Clouds,307.91,49
2025-08-02 07:43:56,Clouds,307.91,49
2025-08-02 07:56:43,Clouds,307.91,49
2025-08-02 08:34:46,Clouds,306.91,55
2025-08-02 08:55:17,Clouds,306.91,55
2025-08-02 09:28:26,Clouds,305.91,58
2025-08-02 09:46:44,Clouds,305.91,58
2025-08-02 09:59:07,Clouds,305.91,58
2025-08-02 10:31:48,Clear,302.91,70
2025-08-02 10:51:11,Clear,302.91,70
2025-08-02 11:13:28,Clear,301.91,68
2025-08-02 11:31:23,Clear,301.91,70
2025-08-02 11:44:58,Clear,301.91,70
2025-08-02 11:57:18,Clear,301.91,70
2025-08-02 12:55:44,Clear,300.91,83
2025-08-02 13:35:57,Clear,300.91,89
2025-08-02 13:52:20,Clear,300.91,89
2025-08-02 14:17:21,Clear,300.91,83
2025-08-02 14:40:16,Clear,300.91,83
2025-08-02 14:53:38,Clear,300.91,83
2025-08-02 15:21:56,Clear,299.91,94
2025-08-02 15:41:26,Clear,299.91,94
2025-08-02 15:55:01,Clear,299.91,94
2025-08-02 16:30:43,Clear,299.91,100
2025-08-02 16:53:55,Clear,299.91,100
2025-08-02 17:19:27,Clouds,299.85,87
2025-08-02 17:41:04,Clear,298.91,100
2025-08-02 17:53:45,Clear,298.91,100
2025-08-02 18:31:21,Clear,298.91,100
2025-08-02 18:54:39,Clear,298.91,100
2025-08-02 19:19:12,Clear,298.91,100
2025-08-02 19:34:59,Clear,298.91,100
2025-08-02 19:47:38,Clear,298.91,100
2025-08-02 20:00:20,Clear,298.91,100
2025-08-02 20:31:11,Clear,297.91,100
2025-08-02 20:49:09,Clear,297.91,100
2025-08-02 21:09:49,Clear,297.91,100
2025-08-02 21:32:26,Clear,298.91,100
2025-08-02 21:47:39,Clear,298.91,100
2025-08-02 22:00:02,Clear,298.91,100
2025-08-02 22:31:13,Clear,299.91,100
2025-08-02 22:49:55,Clear,299.91,100
2025-08-02 23:13:22,Clouds,301.63,85
2025-08-02 23:38:42,Clear,300.91,89
2025-08-02 23:54:18,Clear,300.91,89
2025-08-03 02:19:37,Clear,304.91,55
2025-08-03 03:58:06,Clear,304.91,55
2025-08-03 04:54:03,Clear,305.91,55
2025-08-03 05:29:08,Rain,304.91,58
2025-08-03 05:53:11,Clear,304.91,58
2025-08-03 06:29:58,Rain,304.91,62
2025-08-03 06:54:59,Rain,304.91,62
2025-08-03 07:24:25,Clear,303.91,66
2025-08-03 07:41:37,Clear,303.91,66
2025-08-03 07:54:14,Clear,303.91,66
2025-08-03 08:29:50,Clouds,302.91,70
2025-08-03 08:52:44,Rain,302.91,70
2025-08-03 09:19:40,Rain,300.91,89
2025-08-03 09:40:41,Rain,300.91,89
2025-08-03 09:53:25,Rain,300.91,89
2025-08-03 10:22:08,Rain,300.91,83
2025-08-03 10:45:30,Rain,300.91,83
2025-08-03 10:58:11,Rain,300.91,83
2025-08-03 11:25:42,Mist,299.91,89
2025-08-03 11:43:58,Mist,299.91,89
2025-08-03 11:56:40,Mist,299.91,89
2025-08-03 12:58:19,Rain,300.91,69
2025-08-03 13:38:59,Clouds,300.91,74
2025-08-03 13:55:17,Clouds,300.91,74
2025-08-03 14:23:42,Rain,296.91,100
2025-08-03 14:43:52,Rain,296.91,100
2025-08-03 14:56:27,Rain,296.91,100
2025-08-03 15:28:27,Rain,296.91,100
2025-08-03 15:48:31,Rain,296.91,100
2025-08-03 16:11:06,Rain,296.91,100
2025-08-03 16:43:23,Clouds,296.91,100
2025-08-03 16:59:37,Clouds,296.91,100
2025-08-03 17:29:22,Rain,296.91,100
2025-08-03 17:48:43,Clouds,296.91,100
2025-08-03 18:13:50,Rain,296.59,95
2025-08-03 18:47:06,Rain,296.91,100
2025-08-03 19:07:00,Rain,296.91,100
2025-08-03 19:27:09,Rain,296.91,100
2025-08-03 19:43:00,Clouds,296.91,100
2025-08-03 19:55:38,Clouds,296.91,100
2025-08-03 20:30:01,Clouds,295.91,100
2025-08-03 20:49:15,Clouds,295.91,100
2025-08-03 21:10:46,Mist,296.91,100
2025-08-03 21:33:06,Mist,296.91,100
2025-08-03 21:47:53,Mist,296.91,100
2025-08-03 22:00:40,Mist,296.91,100
2025-08-03 22:32:27,Mist,296.91,100
2025-08-03 22:51:34,Mist,296.91,100
2025-08-03 23:17:04,Clouds,297.07,95
2025-08-03 23:38:24,Mist,298.91,100
2025-08-03 23:53:03,Mist,298.91,100
2025-08-04 01:58:28,Clouds,301.91,79
2025-08-04 03:59:54,Clouds,304.91,66
2025-08-04 05:03:06,Clouds,305.91,58
2025-08-04 05:50:04,Clouds,305.91,58
2025-08-04 06:27:23,Clouds,306.91,55
2025-08-04 07:03:54,Clouds,306.91,55
2025-08-04 07:39:37,Clouds,306.91,55
2025-08-04 07:56:40,Clouds,306.91,55
2025-08-04 08:40:06,Clouds,303.91,70
2025-08-04 09:03:07,Clouds,303.91,70
2025-08-04 09:44:51,Clouds,301.91,74
2025-08-04 10:01:12,Clouds,301.91,74
2025-08-04 10:38:55,Clouds,301.91,74
2025-08-04 10:58:34,Clouds,301.91,74
2025-08-04 11:27:50,Clouds,301.91,79
2025-08-04 11:45:46,Clouds,301.91,79
2025-08-04 11:58:27,Clouds,301.91,79
2025-08-04 13:04:27,Clear,300.91,89
2025-08-04 13:51:37,Clear,299.91,94
2025-08-04 14:21:49,Clear,299.91,94
2025-08-04 14:51:25,Clear,299.91,94
2025-08-04 15:19:04,Clear,299.91,94
2025-08-04 15:44:38,Clear,299.91,94
2025-08-04 16:00:14,Clear,299.91,94
2025-08-04 16:43:15,Clear,297.91,100
2025-08-04 17:12:46,Clouds,298.76,93
2025-08-04 17:43:40,Clear,297.91,100
2025-08-04 17:58:20,Clear,297.91,100
2025-08-04 18:46:31,Clear,297.91,100
2025-08-04 19:10:37,Clear,298.24,92
2025-08-04 19:33:01,Clear,297.91,100
2025-08-04 19:47:53,Clear,297.91,100
2025-08-04 20:00:50,Clear,297.91,100
2025-08-04 20:34:42,Clear,296.91,100
2025-08-04 20:52:25,Clear,296.91,100
2025-08-04 21:19:00,Clouds,296.91,100
2025-08-04 21:40:37,Clouds,296.91,100
2025-08-04 21:54:16,Clouds,296.91,100
2025-08-04 22:24:30,Clouds,297.91,100
2025-08-04 22:48:32,Clouds,297.91,100
2025-08-04 23:10:17,Clear,299.83,88
2025-08-04 23:34:11,Clouds,299.91,89
2025-08-04 23:51:02,Clouds,299.91,89
2025-08-05 01:22:08,Clouds,302.91,66
2025-08-05 03:23:10,Clouds,305.91,55
2025-08-05 04:32:40,Clouds,304.91,58
2025-08-05 05:06:11,Clouds,304.91,58
2025-08-05 05:46:42,Clouds,304.91,58
2025-08-05 06:15:20,Clouds,305.24,55
2025-08-05 06:54:14,Clouds,304.91,55
2025-08-05 07:29:17,Clouds,303.91,66
2025-08-05 07:50:12,Clouds,303.91,66
2025-08-05 08:20:16,Clouds,303.91,70
2025-08-05 08:52:01,Clouds,303.91,70
2025-08-05 09:25:32,Clouds,301.91,79
2025-08-05 09:51:27,Clouds,301.91,79
2025-08-05 10:19:01,Clouds,300.91,83
2025-08-05 10:46:59,Clouds,300.91,83
2025-08-05 11:00:50,Clouds,300.91,83
2025-08-05 11:28:47,Clouds,299.91,89
2025-08-05 11:46:46,Clouds,299.91,89
2025-08-05 11:59:25,Clouds,299.91,89
2025-08-05 13:04:54,Clouds,299.91,94
2025-08-05 13:51:49,Clouds,299.91,100
2025-08-05 14:22:22,Clouds,299.91,100
2025-08-05 14:51:28,Clouds,299.91,100
2025-08-05 15:20:10,Clouds,299.91,94
2025-08-05 15:44:04,Clouds,299.91,94
2025-08-05 15:56:26,Clouds,299.91,94
2025-08-05 16:31:39,Clouds,299.91,94
2025-08-05 16:53:30,Clouds,299.91,94
2025-08-05 17:20:38,Clouds,299.91,100
2025-08-05 17:44:29,Clouds,299.91,100
2025-08-05 17:57:26,Clouds,299.91,100
2025-08-05 18:47:04,Rain,299.91,100
2025-08-05 19:12:23,Rain,299.91,100
2025-08-05 19:35:06,Rain,300.91,100
2025-08-05 19:50:28,Clouds,300.91,100
2025-08-05 20:15:39,Mist,300.93,89
2025-08-05 20:40:32,Mist,300.91,100
2025-08-05 20:56:33,Mist,300.91,100
2025-08-05 21:28:43,Mist,300.91,100
2025-08-05 21:47:23,Mist,300.91,100
2025-08-05 21:59:40,Mist,300.91,100
2025-08-05 22:33:20,Mist,300.91,100
2025-08-05 22:52:53,Mist,300.91,100
2025-08-05 23:20:34,Mist,302.91,94
2025-08-05 23:41:09,Mist,302.91,94
2025-08-05 23:54:31,Mist,302.91,94
2025-08-06 02:08:24,Rain,302.91,94
2025-08-06 03:50:11,Rain,300.91,100
2025-08-06 04:38:33,Rain,300.91,100
2025-08-06 05:18:13,Rain,299.91,100
2025-08-06 05:50:37,Rain,299.91,100
2025-08-06 06:25:30,Rain,299.91,100
2025-08-06 06:59:34,Rain,298.91,100
2025-08-06 07:35:01,Rain,298.91,100
2025-08-06 07:52:24,Rain,298.91,100
2025-08-06 08:27:40,Rain,298.91,100
2025-08-06 08:57:51,Clouds,298.91,100
2025-08-06 09:36:54,Clouds,300.91,89
2025-08-06 09:56:32,Clouds,300.91,89
2025-08-06 10:33:13,Clear,300.91,89
2025-08-06 10:55:13,Clear,300.91,89
2025-08-06 11:24:10,Clear,298.91,100
2025-08-06 11:42:59,Clear,298.91,100
2025-08-06 11:55:35,Clear,298.91,100
2025-08-06 13:01:22,Clouds,298.91,100
2025-08-06 13:50:48,Clouds,298.91,100
2025-08-06 14:19:13,Clouds,298.91,100
2025-08-06 14:48:36,Clouds,298.91,100
2025-08-06 15:12:37,Clouds,298.76,99
2025-08-06 15:42:22,Clouds,298.91,100
2025-08-06 15:58:17,Clouds,298.91,100
2025-08-06 16:39:04,Clouds,298.91,100
2025-08-06 17:01:04,Clouds,298.91,100
2025-08-06 17:34:17,Clouds,298.91,100
2025-08-06 17:53:04,Clouds,298.91,100
2025-08-06 18:31:05,Clouds,298.91,100
2025-08-06 18:58:19,Clouds,298.91,100
2025-08-06 19:26:26,Clouds,297.91,100
2025-08-06 19:44:07,Clouds,297.91,100
2025-08-06 19:57:00,Clouds,297.91,100
2025-08-06 20:32:19,Clouds,297.91,100
2025-08-06 20:52:32,Clouds,297.91,100
2025-08-06 21:17:13,Clouds,297.91,100
2025-08-06 21:37:20,Clouds,297.91,100
2025-08-06 21:51:12,Clouds,297.91,100
2025-08-06 22:16:57,Clouds,298.91,100
2025-08-06 22:43:04,Clouds,298.91,100
2025-08-06 22:57:17,Clouds,298.91,100
2025-08-06 23:29:10,Clouds,299.91,94
2025-08-06 23:47:46,Clouds,299.91,94
2025-08-07 00:00:20,Clouds,299.91,94
2025-08-07 02:30:59,Clouds,302.91,58
2025-08-07 03:56:05,Clouds,302.91,62
2025-08-07 04:52:06,Clouds,303.91,58
2025-08-07 05:26:36,Clouds,303.91,58
2025-08-07 05:54:02,Clouds,303.91,58
2025-08-07 06:38:17,Clouds,303.91,55
2025-08-07 07:03:13,Clouds,303.91,55
2025-08-07 07:35:32,Clouds,303.91,51
2025-08-07 07:51:53,Clouds,303.91,51
2025-08-07 08:26:06,Clouds,303.91,66
2025-08-07 08:56:31,Clouds,303.91,66
2025-08-07 09:34:47,Clouds,302.91,70
2025-08-07 09:54:39,Clouds,302.91,70
2025-08-07 10:28:10,Clear,300.91,78
2025-08-07 10:52:32,Clear,300.91,78
2025-08-07 11:18:41,Clear,299.91,78
2025-08-07 11:38:21,Clear,299.91,78
2025-08-07 11:52:32,Clear,299.91,78
2025-08-07 12:42:45,Clear,298.91,83
2025-08-07 13:30:59,Clear,298.91,94
2025-08-07 13:59:47,Clear,298.91,94
2025-08-07 14:35:43,Clear,297.91,100
2025-08-07 14:56:48,Clear,297.91,100
2025-08-07 15:33:02,Clear,296.91,100
2025-08-07 15:50:56,Clear,296.91,100
2025-08-07 16:20:39,Clear,296.91,100
2025-08-07 16:49:54,Clear,296.91,100
2025-08-07 17:15:33,Clouds,297.37,91
2025-08-07 17:42:45,Clear,296.91,100
2025-08-07 17:55:52,Clear,296.91,100
2025-08-07 18:44:51,Clear,295.91,100
2025-08-07 19:09:55,Clouds,297.25,93
2025-08-07 19:30:52,Clear,295.91,100
2025-08-07 19:45:43,Clear,295.91,100
2025-08-07 19:58:08,Clear,295.91,100
2025-08-07 20:33:15,Clear,294.91,100
2025-08-07 20:52:41,Clear,294.91,100
2025-08-07 21:18:16,Clear,297.28,92
2025-08-07 21:39:02,Clear,294.91,100
2025-08-07 21:52:37,Clear,294.91,100
2025-08-07 22:20:14,Clear,297.91,100
2025-08-07 22:44:42,Clear,297.91,100
2025-08-07 22:57:45,Clear,297.91,100
2025-08-07 23:29:29,Clouds,300.91,74
2025-08-07 23:48:03,Clouds,300.91,74
2025-08-08 00:46:24,Clear,300.91,74
2025-08-08 02:54:23,Clouds,302.91,66
2025-08-08 04:06:38,Clouds,303.91,62
2025-08-08 04:56:09,Clouds,303.91,66
2025-08-08 05:36:06,Clouds,302.91,70
2025-08-08 05:56:32,Clouds,302.91,70
2025-08-08 06:46:49,Clouds,302.91,66
2025-08-08 07:14:52,Clouds,304.38,56
2025-08-08 07:41:28,Clouds,303.91,58
2025-08-08 07:55:39,Clouds,303.91,58
2025-08-08 08:38:16,Clear,302.91,58
2025-08-08 09:00:44,Clear,302.91,58
2025-08-08 09:37:48,Clear,301.91,61
2025-08-08 09:55:35,Clear,301.91,61
2025-08-08 10:30:46,Clear,299.91,74
2025-08-08 10:52:52,Clear,299.91,74
2025-08-08 11:18:48,Clear,298.91,78
2025-08-08 11:38:14,Clear,298.91,78
2025-08-08 11:51:54,Clear,298.91,78
2025-08-08 12:38:39,Clear,298.91,83
2025-08-08 13:27:13,Clear,297.91,94
2025-08-08 13:57:27,Clear,297.91,94
2025-08-08 14:31:46,Clear,297.91,100
2025-08-08 14:53:35,Clear,297.91,100
2025-08-08 15:24:41,Clear,296.91,100
2025-08-08 15:47:01,Clear,296.91,100
2025-08-08 16:00:17,Clear,296.91,100
2025-08-08 16:35:55,Clear,297.91,100
2025-08-08 16:54:08,Clear,297.91,100
2025-08-08 17:19:02,Clouds,297.91,100
2025-08-08 17:39:04,Clouds,297.91,100
2025-08-08 17:52:19,Clouds,297.91,100
2025-08-08 18:26:27,Clouds,297.91,100
2025-08-08 18:53:18,Clouds,297.91,100
2025-08-08 19:16:40,Clouds,297.37,89
2025-08-08 19:30:42,Clouds,297.91,100
2025-08-08 19:43:53,Clouds,297.91,100
2025-08-08 19:56:35,Clouds,297.91,100
2025-08-08 20:30:52,Clouds,297.91,100
2025-08-08 20:49:24,Clouds,297.91,100
2025-08-08 21:11:05,Clouds,297.93,83
2025-08-08 21:32:39,Clouds,297.91,100
2025-08-08 21:47:07,Clouds,297.91,100
2025-08-08 21:59:54,Clouds,297.91,100
2025-08-08 22:30:54,Clouds,297.91,100
2025-08-08 22:49:23,Clouds,297.91,100
2025-08-08 23:11:29,Clouds,298.06,90
2025-08-08 23:32:35,Clouds,297.91,100
2025-08-08 23:47:19,Clouds,297.91,100
2025-08-08 23:59:54,Clouds,297.91,100
2025-08-09 02:18:34,Clouds,298.91,100
2025-08-09 03:35:56,Rain,298.91,89
2025-08-09 04:06:08,Clouds,298.91,89
2025-08-09 04:42:44,Rain,298.91,94
2025-08-09 04:59:14,Clear,298.91,94
2025-08-09 05:30:17,Clear,298.91,83
2025-08-09 05:48:05,Clear,298.91,83
2025-08-09 06:12:17,Clouds,299.04,78
2025-08-09 06:46:21,Clear,299.91,74
2025-08-09 07:00:20,Clear,299.91,74
2025-08-09 07:27:07,Clear,299.91,74
2025-08-09 07:43:05,Clear,299.91,74
2025-08-09 07:55:33,Clear,299.91,74
2025-08-09 08:32:46,Clear,299.91,69
2025-08-09 08:52:46,Clear,299.91,69
2025-08-09 09:19:28,Clear,299.91,69
2025-08-09 09:38:38,Clear,299.91,69
2025-08-09 09:51:18,Clear,299.91,69
2025-08-09 10:15:46,Clouds,299.06,70
2025-08-09 10:40:58,Clear,299.91,74
2025-08-09 10:53:53,Clear,299.91,74
2025-08-09 11:18:09,Clouds,297.98,79
2025-08-09 11:33:06,Clear,297.91,83
2025-08-09 11:45:57,Clear,297.91,83
2025-08-09 11:58:43,Clear,297.91,83
2025-08-09 12:55:23,Clear,296.91,94
2025-08-09 13:34:00,Clear,295.91,100
2025-08-09 13:50:02,Clear,295.91,100
2025-08-09 14:11:55,Clouds,296.27,91
2025-08-09 14:36:16,Clear,295.91,94
2025-08-09 14:50:43,Clear,295.91,94
2025-08-09 15:14:07,Clouds,296.16,90
2025-08-09 15:35:34,Clear,294.91,100
2025-08-09 15:49:43,Clear,294.91,100
2025-08-09 16:14:12,Clouds,295.51,94
2025-08-09 16:43:19,Clear,293.91,100
2025-08-09 16:57:29,Clear,293.91,100
2025-08-09 17:24:49,Clear,293.91,100
2025-08-09 17:42:52,Clear,293.91,100
2025-08-09 17:55:28,Clear,293.91,100
2025-08-09 18:36:07,Clear,293.91,100
2025-08-09 18:55:17,Clear,293.91,100
2025-08-09 19:19:19,Clear,293.91,100
2025-08-09 19:33:13,Clear,293.91,100
2025-08-09 19:45:49,Clear,293.91,100
2025-08-09 19:58:33,Clear,293.91,100
2025-08-09 20:30:01,Clear,292.91,100
2025-08-09 20:47:22,Clear,292.91,100
2025-08-09 20:59:52,Clear,292.91,100
2025-08-09 21:26:35,Clear,292.91,100
2025-08-09 21:43:20,Clear,292.91,100
2025-08-09 21:56:01,Clear,292.91,100
2025-08-09 22:26:10,Clear,295.91,100
2025-08-09 22:46:03,Clear,295.91,100
2025-08-09 22:58:41,Clear,295.91,100
2025-08-09 23:27:03,Clear,297.91,83
2025-08-09 23:44:22,Clear,297.91,83
2025-08-09 23:57:08,Clear,297.91,83
2025-08-10 02:33:11,Clear,300.91,69
2025-08-10 03:54:32,Clear,302.91,58
2025-08-10 04:43:54,Clear,303.91,58
2025-08-10 05:12:14,Clouds,304.76,50
2025-08-10 05:41:39,Clear,303.91,58
2025-08-10 05:55:27,Clear,303.91,58
2025-08-10 06:37:29,Clear,304.91,51
2025-08-10 06:56:38,Clear,304.91,51
2025-08-10 07:25:01,Clear,304.91,51
2025-08-10 07:41:01,Clear,304.91,51
2025-08-10 07:53:42,Clear,304.91,51
2025-08-10 08:27:55,Clear,304.91,51
2025-08-10 08:50:08,Clear,304.91,51
2025-08-10 09:13:03,Clouds,304.08,49
2025-08-10 09:34:55,Clear,303.91,66
2025-08-10 09:48:50,Clear,303.91,66
2025-08-10 10:10:39,Clear,303.91,66
2025-08-10 10:39:38,Clear,300.91,83
2025-08-10 10:53:24,Clear,300.91,83
2025-08-10 11:17:02,Clouds,300.6,70
2025-08-10 11:32:10,Clear,299.91,89
2025-08-10 11:44:51,Clear,299.91,89
2025-08-10 11:57:27,Clear,299.91,89
2025-08-10 12:55:16,Clear,299.91,89
2025-08-10 13:33:55,Clear,297.91,100
2025-08-10 13:50:13,Clear,297.91,100
2025-08-10 14:11:58,Clear,297.86,85
2025-08-10 14:36:31,Clear,297.91,100
2025-08-10 14:50:40,Clear,297.91,100
2025-08-10 15:14:02,Clear,297.23,87
2025-08-10 15:35:34,Clear,297.91,100
2025-08-10 15:49:21,Clear,297.91,100
2025-08-10 16:13:17,Clear,296.44,90
2025-08-10 16:42:54,Clear,296.91,100
2025-08-10 16:57:27,Clear,296.91,100
2025-08-10 17:24:14,Clear,296.91,100
2025-08-10 17:42:09,Clear,296.91,100
2025-08-10 17:54:27,Clear,296.91,100
2025-08-10 18:32:06,Clear,295.91,100
2025-08-10 18:52:39,Rain,295.91,100
2025-08-10 19:14:37,Rain,296.09,93
2025-08-10 19:29:12,Clear,296.91,100
2025-08-10 19:42:19,Rain,296.91,100
2025-08-10 19:54:58,Rain,296.91,100
2025-08-10 20:26:45,Clear,296.91,100
2025-08-10 20:45:04,Clear,296.91,100
2025-08-10 20:57:46,Clear,296.91,100
2025-08-10 21:25:33,Clear,296.91,100
2025-08-10 21:42:35,Clear,296.91,100
2025-08-10 21:55:26,Clear,296.91,100
2025-08-10 22:25:12,Clear,297.91,100
2025-08-10 22:45:23,Clear,297.91,100
2025-08-10 22:58:09,Clear,297.91,100
2025-08-10 23:26:44,Clear,298.91,100
2025-08-10 23:44:29,Clear,298.91,100
2025-08-10 23:56:58,Clear,298.91,100
2025-08-11 02:28:34,Clouds,301.91,74
2025-08-11 03:54:05,Clouds,301.91,74
2025-08-11 04:47:58,Clouds,302.91,66
2025-08-11 05:18:15,Clouds,302.91,66
2025-08-11 05:48:06,Clouds,302.91,66
2025-08-11 06:15:38,Clouds,301.53,61
2025-08-11 06:53:21,Clouds,301.91,74
2025-08-11 07:25:42,Clouds,302.91,66
2025-08-11 07:46:46,Clouds,302.91,66
2025-08-11 07:59:23,Clouds,302.91,66
2025-08-11 08:41:38,Clouds,302.91,66
2025-08-11 09:01:46,Clouds,302.91,66
2025-08-11 09:37:00,Clouds,300.91,74
2025-08-11 09:54:45,Clouds,300.91,74
2025-08-11 10:28:36,Clouds,300.91,78
2025-08-11 10:51:40,Clouds,300.91,78
2025-08-11 11:15:56,Clouds,299.04,79
2025-08-11 11:34:53,Clouds,299.91,83
2025-08-11 11:48:40,Clouds,299.91,83
2025-08-11 12:20:39,Clear,297.91,88
2025-08-11 13:10:48,Clear,296.86,86
2025-08-11 13:51:26,Clear,297.91,88
2025-08-11 14:18:34,Clear,297.91,88
2025-08-11 14:45:06,Clear,297.91,88
2025-08-11 14:58:58,Clear,297.91,88
2025-08-11 15:32:42,Clear,296.91,100
2025-08-11 15:51:26,Clear,296.91,100
2025-08-11 16:21:18,Clear,295.91,100
2025-08-11 16:50:41,Clouds,295.91,100
2025-08-11 17:15:43,Clear,295.16,94
2025-08-11 17:40:59,Mist,295.91,100
2025-08-11 17:54:45,Mist,295.91,100
2025-08-11 18:37:38,Mist,295.91,100
2025-08-11 18:59:15,Mist,295.91,100
2025-08-11 19:25:37,Mist,293.91,100
2025-08-11 19:42:16,Mist,293.91,100
2025-08-11 19:55:05,Mist,293.91,100
2025-08-11 20:26:25,Mist,293.91,100
2025-08-11 20:44:39,Mist,293.91,100
2025-08-11 20:57:17,Mist,293.91,100
2025-08-11 21:24:38,Clear,293.91,100
2025-08-11 21:41:10,Mist,293.91,100
2025-08-11 21:53:46,Mist,293.91,100
2025-08-11 22:21:05,Clear,296.91,100
2025-08-11 22:41:47,Mist,296.91,100
2025-08-11 22:54:17,Mist,296.91,100
2025-08-11 23:21:30,Clear,299.91,78
2025-08-11 23:38:50,Mist,299.91,78
2025-08-11 23:51:19,Mist,299.91,78
2025-08-12 01:16:44,Clear,302.91,54
2025-08-12 02:56:01,Clear,303.91,51
2025-08-12 03:52:31,Clear,304.91,48
2025-08-12 04:26:54,Clouds,305.91,43
2025-08-12 04:51:09,Clouds,305.91,43
2025-08-12 05:15:51,Clouds,305.93,38
2025-08-12 05:39:48,Clouds,305.91,46
2025-08-12 05:52:42,Clouds,305.91,46
2025-08-12 06:30:23,Clouds,306.91,43
2025-08-12 06:55:37,Clouds,306.91,43
2025-08-12 07:26:38,Clear,307.91,34
2025-08-12 07:43:32,Clear,307.91,34
2025-08-12 07:56:12,Clear,307.91,34
2025-08-12 08:36:10,Clear,306.91,40
2025-08-12 08:57:09,Clear,306.91,40
2025-08-12 09:31:19,Clear,304.91,45
2025-08-12 09:48:31,Clear,304.91,45
2025-08-12 10:11:03,Clouds,303.21,53
2025-08-12 10:41:50,Clear,303.91,55
2025-08-12 10:55:54,Clear,303.91,55
2025-08-12 11:23:51,Clear,301.91,61
2025-08-12 11:40:35,Clear,301.91,61
2025-08-12 11:53:35,Clear,301.91,61
2025-08-12 12:44:51,Clear,300.91,65
2025-08-12 13:24:49,Clear,299.91,74
2025-08-12 13:51:57,Clear,299.91,74
2025-08-12 14:17:35,Clouds,299.09,77
2025-08-12 14:42:15,Clear,298.91,78
2025-08-12 14:56:43,Clear,298.91,78
2025-08-12 15:30:31,Clear,298.91,83
2025-08-12 15:49:12,Clear,298.91,83
2025-08-12 16:14:15,Clouds,298.64,81
2025-08-12 16:45:34,Clouds,299.91,78
2025-08-12 17:01:08,Clouds,299.91,78
2025-08-12 17:30:47,Clouds,296.91,100
2025-08-12 17:48:31,Clouds,296.91,100
2025-08-12 18:14:28,Clouds,298.11,81
2025-08-12 18:48:03,Clouds,297.91,100
2025-08-12 19:07:43,Clouds,296.9,91
2025-08-12 19:26:57,Clouds,297.91,100
2025-08-12 19:42:02,Rain,297.91,100
2025-08-12 19:54:45,Rain,297.91,100
2025-08-12 20:27:50,Thunderstorm,296.91,100
2025-08-12 20:46:46,Thunderstorm,296.91,100
2025-08-12 20:59:15,Thunderstorm,296.91,100
2025-08-12 21:27:07,Rain,296.91,100
2025-08-12 21:43:55,Rain,296.91,100
2025-08-12 21:56:17,Rain,296.91,100
2025-08-12 22:26:17,Rain,296.91,100
2025-08-12 22:45:34,Rain,296.91,100
2025-08-12 22:58:17,Rain,296.91,100
2025-08-12 23:26:34,Rain,297.91,100
2025-08-12 23:43:23,Rain,297.91,100
2025-08-12 23:55:59,Rain,297.91,100
2025-08-13 02:11:13,Rain,295.91,100
2025-08-13 03:34:30,Clouds,296.91,100
2025-08-13 04:05:41,Clouds,296.91,100
2025-08-13 04:43:37,Rain,300.91,100
2025-08-13 05:00:47,Rain,300.91,100
